,variable,importance,correlation,unbalance,statistical_parity,equalized_odds,average_odds
0,wife_religion,0.10169491525423727,-0.08729932134646197,0.5736111111111111,-0.27288888888888885,0.5391729774771462,-0.059555555555555584
1,wife_work,0.061694915254237294,0.12833033505656807,1.1113013698630136,0.08021720350487471,-0.1043002809064073,-0.12976675305442426
2,media,0.02779661016949153,-0.2595209851149787,0.9253020446096655,-0.45967972547898206,0.8395378151260504,0.20531884472404915
