,variable,importance,correlation,unbalance,statistical_parity,equalized_odds,average_odds
0,wife_religion,0.10372881355932202,-0.08729932134646197,3.6228070175438596,0.39866666666666667,-0.8903578353604795,-0.059555555555555584
1,wife_work,0.05627118644067799,0.12833033505656807,1.807858687815429,0.1382821177341725,-0.4270518553290338,-0.12976675305442426
2,media,0.026440677966101677,-0.2595209851149787,1.0677949520641754,0.09908492993994852,-0.3018474513092908,0.20531884472404915
