,variable,importance,correlation,unbalance,statistical_parity,equalized_odds,average_odds
0,wife_religion,0.09491525423728812,-0.08729932134646197,0.6758304696449027,-0.12577777777777777,0.16961314360896435,-0.059555555555555584
1,wife_work,0.06440677966101697,0.12833033505656807,0.4999293885044485,-0.21849932123904725,0.3585953878406708,-0.12976675305442426
2,media,0.031864406779661,-0.2595209851149787,1.096654275092937,0.36059479553903345,-0.7774621212121212,0.20531884472404915
