,model,ap,ap,accuracy,accuracy,precision,precision,recall,recall,f1,f1
,,mean,std,mean,std,mean,std,mean,std,mean,std
0,MLP,0.7573537705234886,0.22289417601239703,0.773388802298205,0.03771128020870262,0.7386192656384323,0.20618918134676728,0.6602629301522923,0.13841369293840952,0.6794607619468087,0.12826430113864817
1,Random Forest,0.8168623094023608,0.17249550663498683,0.8525807412766927,0.0597802983434849,0.8405133266051227,0.14034779173850404,0.7261109794938478,0.11931902671639091,0.7790046813807268,0.12849379995650087
2,XGBoost,0.8144042400403869,0.15768217178678648,0.8590549626413478,0.06300084633149612,0.8684490665236279,0.07672607040316175,0.7332677104516578,0.13063909028182694,0.792981586586577,0.10627786192969826
