,fairness_method,model,stat_par,eq_odds,ao,acc,hmean
0,NO_ONE,logreg,-0.18580373236716835,-0.141541171601066,-0.13261181886757162,0.83409825468649,0.8471011130750257
