,fairness_method,model,stat_par,eq_odds,ao,acc,hmean
0,NO_ONE,logreg,0.03314158450338609,0.032377553952896404,0.05313421181282321,0.8680272108843538,0.9334963020329481
