,fairness_method,model,stat_par,eq_odds,ao,acc,hmean
0,NO_ONE,logreg,-0.1519396551724138,0.03246753246753245,0.12373737373737376,0.6869918699186992,0.7480460167923026
