,fairness_method,model,stat_par,eq_odds,ao,acc,hmean
0,NO_ONE,logreg,0.17477433913604123,0.031746031746031744,0.257936507936508,0.923728813559322,0.8525551771034117
