,fairness_method,model,stat_par,eq_odds,ao,acc,hmean
0,NO_ONE,logreg,-0.03218213765465373,-0.00781445017106442,-0.011280649685741093,0.793010752688172,0.9248989640317288
