,model,ap,ap,accuracy,accuracy,precision,precision,recall,recall,f1,f1
,,mean,std,mean,std,mean,std,mean,std,mean,std
0,MLP,0.5288941450431429,0.2555448331870299,0.7256196283573184,0.07128048252352925,0.5555151460803753,0.2565200057642269,0.6074840376844597,0.2410938921954165,0.5503269799298358,0.23454250863469558
1,Random Forest,0.6400153878491703,0.33404474159758124,0.7240950144775073,0.08079611081567654,0.6457442673954744,0.3717317120431221,0.4548173142348523,0.22212108810302902,0.48592825272150114,0.26668575586745463
2,XGBoost,0.6446258422574217,0.3190088115578602,0.7490680765538538,0.06512862336411214,0.6499472979954856,0.3314408805918195,0.46501667816885206,0.19634564587807943,0.5105805541486337,0.23657104806532367
