,model,ap,ap,accuracy,accuracy,precision,precision,recall,recall,f1,f1
,,mean,std,mean,std,mean,std,mean,std,mean,std
0,MLP,0.6496676409203235,0.21230109291743426,0.7372435584159523,0.0818614793754454,0.6578873947812468,0.19634532909820532,0.7154857790987907,0.18731234393169602,0.6648436286245973,0.16681852529139635
1,Random Forest,0.7548498221690896,0.21410601919287367,0.7374172104555924,0.09548132208446913,0.7344187475008185,0.23475995517698708,0.5958744838188356,0.20019060202676095,0.6271317269820217,0.18989686779700451
2,XGBoost,0.7387765177524238,0.20516261642874012,0.7589903662879258,0.09626723260844182,0.7338600918640822,0.21441288069824835,0.6249272016554029,0.20268010570107756,0.651868576287248,0.1870624043217874
