,fairness_method,model,stat_par,eq_odds,ao,acc,hmean
0,NO_ONE,logreg,-0.19097126714074678,-0.13683707103962692,-0.12296166422737706,0.8207498383968972,0.8429555923901304
