,fairness_method,model,stat_par,eq_odds,ao,acc,hmean
0,NO_ONE,logreg,0.01213227605054987,-0.0025318459837840495,0.0034308256655086952,0.8294082917869325,0.9450497403113189
