,fairness_method,model,stat_par,eq_odds,ao,acc,hmean
0,NO_ONE,logreg,0.18335660250912983,0.2049477278123977,0.12417073560429306,0.5118881260692585,0.7084602547017395
