,fairness_method,model,stat_par,eq_odds,ao,acc,hmean
0,NO_ONE,logreg,-0.13345851992021457,-0.0957633347339149,-0.10413361756552902,0.6460193088494581,0.8114854348899327
