,fairness_method,model,stat_par,eq_odds,ao,acc,hmean
0,NO_ONE,logreg,0.03235575265720229,0.026336866394532837,0.02568772122941485,0.8151999999999999,0.927826675508516
