,fairness_method,model,stat_par,eq_odds,ao,acc,hmean
0,NO_ONE,logreg,0.4002989178525475,0.29454821723297786,0.2953928884941208,0.4944834503510532,0.6164931779777805
