,fairness_method,model,stat_par,eq_odds,ao,acc,hmean
0,NO_ONE,logreg,-0.013290154616880517,0.0,0.00016409583196586806,0.999823123636578,0.9965771414445553
