,fairness_method,model,stat_par,eq_odds,ao,acc,hmean
0,NO_ONE,logreg,-0.219839684767354,-0.07301003734827263,-0.12316429560478044,0.6785128097750099,0.8049457558694646
