,fairness_method,model,stat_par,eq_odds,ao,acc,hmean
0,NO_ONE,logreg,-0.18108350754963493,-0.11423791387883003,-0.2611288265306122,0.747,0.8192673930886449
