,fairness_method,model,stat_par,eq_odds,ao,acc,hmean
0,NO_ONE,logreg,0.0004643245146475318,-0.0005025125628140704,-0.0004244282829818708,0.8740923401958666,0.9649141590725171
