,fairness_method,model,stat_par,eq_odds,ao,acc,hmean
0,NO_ONE,logreg,0.24025289867466942,0.03581245143745149,0.09252136752136755,0.5657083257754398,0.7649179565251781
