,fairness_method,model,stat_par,eq_odds,ao,acc,hmean
0,NO_ONE,logreg,0.005466694975103659,0.0011280191099707904,0.04805194805194801,0.8571428571428572,0.9518983697882738
