,fairness_method,model,stat_par,eq_odds,ao,acc,hmean
0,NO_ONE,logreg,0.21739231634092177,0.22428608853884618,0.19061399147118446,0.49791928496358284,0.6871057031574161
