,fairness_method,model,stat_par,eq_odds,ao,acc,hmean
0,NO_ONE,logreg,0.07424292661361626,0.11437908496732024,0.11616161616161613,0.6986062717770035,0.8487326572265435
