,fairness_method,model,stat_par,eq_odds,ao,acc,hmean
0,NO_ONE,logreg,0.03279080444119964,0.08866733595352017,0.008367805752128452,0.912751677852349,0.934233190819012
