,fairness_method,model,stat_par,eq_odds,ao,acc,hmean
0,NO_ONE,logreg,-0.08160701609025268,-0.04099153606632594,-0.04589930886606109,0.67421345185589,0.8580836659909765
