,fairness_method,model,stat_par,eq_odds,ao,acc,hmean
0,NO_ONE,logreg,0.016107734319943612,-0.021358543417366982,-0.07264059469941825,0.8512893734856352,0.9348090593170264
