,fairness_method,model,stat_par,eq_odds,ao,acc,hmean
0,NO_ONE,logreg,-0.05056816150033995,-0.05890285622946158,-0.04917582982567972,0.7952189073107653,0.90303732653055
