,fairness_method,model,stat_par,eq_odds,ao,acc,hmean
0,NO_ONE,logreg,0.16341070277240488,0.019841269841269882,0.1865079365079365,0.9152542372881356,0.8735851445719942
