,fairness_method,model,stat_par,eq_odds,ao,acc,hmean
0,NO_ONE,logreg,0.10029119894683607,-0.011202051656243162,-0.004460188878567646,0.9898213591744505,0.9667483455934438
