,fairness_method,model,stat_par,eq_odds,ao,acc,hmean
0,NO_ONE,logreg,0.012188771401252574,0.014481375968708854,0.010711783025148525,0.8010752688172043,0.9340574013889558
