,fairness_method,model,stat_par,eq_odds,ao,acc,hmean
0,NO_ONE,logreg,-0.1422031004093168,-0.11412559634121061,-0.07011229014516354,0.6598531900146141,0.8086280718753749
