,variable,importance,correlation,unbalance,statistical_parity,equalized_odds
0,black_people,0.10325814536340854,0.6219391492253451,0.6335956917978459,-0.1334087481146305,0.09144752822060004
1,hisp_people,0.05563909774436093,0.34520395278570354,0.5261012885825591,-0.2051634665282823,0.27254839947171294
