,variable,importance,correlation,unbalance,statistical_parity,equalized_odds
0,black_people,0.08822055137844612,0.6219391492253451,0.8445855614973263,-0.07013574660633481,0.05733794944321896
1,hisp_people,0.05012531328320804,0.34520395278570354,0.8682301740812379,-0.07070576024909186,0.13566576117305063
