,variable,importance,correlation,unbalance,statistical_parity,equalized_odds
0,Gender,0.15503355704697985,-0.16841989773025856,0.9619996310643791,-0.018641690421247914,0.04888237966358504
1,Age,0.12013422818791945,0.022107496128364115,0.5457875457875456,-0.2586027111574557,0.06890034364261174
2,family_history_with_overweight,0.04630872483221475,0.03661113875112257,0.12878133102852202,-0.325143809472609,0.06749214837450127
3,FAVC,0.11946308724832215,0.09670021943727923,,-0.325,1.09472049689441
4,SMOKE,0.0006711409395973256,0.018836844948505314,0.9977971627456164,-0.024545900834560597,0.12236575481256334
5,SCC,0.01610738255033557,0.024083586192114852,1.075812274368231,0.2815884476534296,-1.0564593301435405
