,variable,importance,correlation,unbalance,statistical_parity,equalized_odds
0,alcohol,0.3727493917274939,0.7755439463875933,0.3748402300687011,-0.7456724966650433,1.4523906519124679
1,type,0.056447688564476864,0.14715812763933228,0.8001827717736809,-0.1671121908714306,0.32431917786090037
