,variable,importance,correlation,unbalance,statistical_parity,equalized_odds
0,wife_religion,0.09830508474576272,-0.05821306148897585,3.6228070175438596,0.39866666666666667,-0.8903578353604795
1,wife_work,0.05627118644067799,0.14187173123284183,1.807858687815429,0.1382821177341725,-0.4270518553290338
2,media,0.02779661016949153,-0.255929730243235,1.0677949520641754,0.09908492993994852,-0.3018474513092908
