,variable,importance,correlation,unbalance,statistical_parity,equalized_odds
0,Gender,0.1476510067114094,-0.16841989773025856,0.5742548818088385,-0.1499479661553776,0.35128286696987643
1,Age,0.1087248322147651,0.022107496128364115,0.46273291925465837,-0.219612821326563,0.3278037215460447
2,family_history_with_overweight,0.03422818791946307,0.03661113875112257,0.47833065810593894,-0.13977743132089673,0.06816882685277505
3,FAVC,0.11879194630872483,0.09670021943727923,1.9267241379310343,0.21623563218390804,-0.2946723069413836
4,SMOKE,0.0006711409395973256,0.018836844948505314,1.0057682866961217,0.046146293568973984,-0.46166126684509556
5,SCC,0.018791946308724827,0.024083586192114852,1.0566013408973698,0.15093690905965274,-0.5789942145082332
