,variable,importance,correlation,unbalance,statistical_parity,equalized_odds
0,alcohol,0.3724249797242498,0.7755439463875933,,0.0,0.0
1,type,0.05352798053527981,0.14715812763933228,,0.0,0.0
