,variable,importance,correlation,unbalance,statistical_parity,equalized_odds
0,black_people,0.08621553884711781,0.6219391492253451,0.16495393338058115,-0.3554298642533937,0.5845600529281263
1,hisp_people,0.054636591478696775,0.34520395278570354,0.8591643168418355,-0.07127659574468084,-0.05188940092165899
