,variable,importance,correlation,unbalance,statistical_parity,equalized_odds
0,wife_religion,0.10305084745762709,-0.05821306148897585,0.6758304696449027,-0.12577777777777777,0.16961314360896435
1,wife_work,0.05966101694915256,0.14187173123284183,0.4999293885044485,-0.21849932123904725,0.3585953878406708
2,media,0.02915254237288134,-0.255929730243235,1.096654275092937,0.36059479553903345,-0.7774621212121212
