,variable,importance,correlation,unbalance,statistical_parity,equalized_odds
0,black_people,0.08972431077694239,0.6219391492253451,1.7887129210658625,0.4732277526395174,-0.951039200210471
1,hisp_people,0.05363408521303263,0.34520395278570354,1.509219858156028,0.36328489880643483,-0.4167612740460423
