,variable,importance,correlation,unbalance,statistical_parity,equalized_odds
0,gender,0.028116710875331564,-0.2792545590868409,1.2543859649122804,0.26190476190476186,-0.1283979178716021
1,race,0.029177718832891265,0.09970442704332909,0.9276828434723171,-0.04419381787802845,0.0028540623963306255
