,fairness_method,model,stat_par,eq_odds,ao,acc,hmean
0,NO_ONE,logreg,0.39630125651732717,0.40851300725681805,0.37523248434342144,0.4739217652958877,0.5737737047706549
