,fairness_method,model,stat_par,eq_odds,ao,acc,hmean
0,NO_ONE,logreg,-0.0003225733884151166,-0.0015025375634390862,-0.0010336133463893324,0.8723051536311903,0.9640658630615011
