,fairness_method,model,stat_par,eq_odds,ao,acc,hmean
0,NO_ONE,logreg,0.1519396551724138,0.2336601307189542,-0.12373737373737378,0.6869918699186992,0.7586161592068893
