,variable,importance,correlation,unbalance,statistical_parity,equalized_odds,average_odds
0,gender,0.0,-0.06356417261637282,0.9272727272727271,-0.06666666666666665,0.08333333333333337,0.06666666666666665
1,CDecomp,0.0,0.48484848484848486,1.2644628099173554,0.4848484848484849,-0.875,-0.2272727272727273
2,PDecomp,0.0,0.2878787878787879,1.2878787878787878,0.28787878787878796,-0.7333333333333334,-0.030303030303030276
3,outpatient,0.0,-0.6038596398555418,0.309090909090909,-0.6333333333333333,1.2777777777777777,-0.21666666666666667
4,Missing_MaclabRHC,0.0,0.11236664374387369,1.0303030303030303,0.16666666666666663,-0.7777777777777778,-0.16666666666666663
5,fine_alignment,0.0,-0.33850160019316505,,-0.6875,1.3,0.6875
6,DevLoc_Below Jugular Notch,0.0,0.26967994498529685,1.5454545454545454,0.4,0.16666666666666663,-0.4
7,DevLoc_Below left clavicle &  approx. 5.5 cm from mid-sternum to center,0.0,-0.18463723646899913,0.9659090909090909,-0.375,-0.19999999999999996,0.375
8,DevLoc_Below right clavicle w/approx. 1.5 inches between pt's midline a,0.0,-0.18463723646899913,0.9659090909090909,-0.375,-0.19999999999999996,0.375
