,model,ap,ap,accuracy,accuracy,precision,precision,recall,recall,f1,f1
,,mean,std,mean,std,mean,std,mean,std,mean,std
0,MLP,0.5618597197047126,0.23439627784854233,0.7510431724167155,0.07766382306700459,0.6251345496568737,0.24378499796358405,0.49363630227366395,0.20767663887352175,0.5417686178552107,0.21065594323223685
1,Random Forest,0.6458249086354633,0.3043747143455914,0.7405116690123482,0.07653353707208677,0.6356402182679066,0.34002941210670984,0.49371308919559886,0.20950667757207225,0.5286707876470176,0.26386995193684204
2,XGBoost,0.658690253582637,0.299204338312599,0.7603292940269393,0.07205443306895198,0.6508112214316133,0.3186742881536551,0.5518639597461121,0.17724266621270882,0.5792767887811792,0.2515521164647706
