,model,ap,ap,accuracy,accuracy,precision,precision,recall,recall,f1,f1
,,mean,std,mean,std,mean,std,mean,std,mean,std
0,MLP,0.677991509892661,0.12589877436355046,0.6916850297625023,0.07451019518403701,0.6300626888758677,0.1715885690340501,0.7171610512736595,0.11672101879046265,0.6584033524962317,0.11936112513823235
1,Random Forest,0.6853334565732825,0.14906643563563507,0.6629583381558677,0.09096674924175573,0.6812365390332616,0.1691020603759309,0.6235357566440751,0.21519760887919367,0.6093470734935498,0.033010187218165066
2,XGBoost,0.7005544476300201,0.15441983188607764,0.6537105084916106,0.10588309706416053,0.6869941785548662,0.19231666421812302,0.6547071582323882,0.2727614111611647,0.6056237996640973,0.07206790926210536
