,model,ap,ap,accuracy,accuracy,precision,precision,recall,recall,f1,f1
,,mean,std,mean,std,mean,std,mean,std,mean,std
0,MLP,0.6728458255256611,0.1538191130739712,0.6761555305167452,0.0741545805752871,0.6035590905802135,0.2008356240836455,0.7207439791146257,0.13166297354411907,0.643597186448295,0.15044390522018083
1,Random Forest,0.6938542636465068,0.15215913161136774,0.6642550380196584,0.08704198873659423,0.6766148503490801,0.174697707501997,0.6211057132753254,0.20182915041678087,0.6092789585215281,0.044675760896021245
2,XGBoost,0.7005544476300201,0.15441983188607764,0.6537105084916106,0.10588309706416053,0.6869941785548662,0.19231666421812302,0.6547071582323882,0.2727614111611647,0.6056237996640973,0.07206790926210536
