,model,ap,ap,accuracy,accuracy,precision,precision,recall,recall,f1,f1
,,mean,std,mean,std,mean,std,mean,std,mean,std
0,MLP,0.682055925333755,0.07867059955083676,0.6612884745831799,0.08914610293706733,0.6920803137118803,0.14586406305764396,0.5866264300833354,0.24412265956463525,0.5899313093912769,0.11263083219369421
1,Random Forest,0.8266696216840005,0.07599879106553895,0.7779784476303975,0.07777227009252666,0.8319253842649541,0.046228204627278675,0.642413014110112,0.16475553673130702,0.7141473609160773,0.11527182503771011
2,XGBoost,0.7825895582696449,0.11421301928703377,0.7657797408663839,0.09000169013331118,0.7968330011694835,0.08926308323429492,0.6663999705057475,0.19973586208298527,0.7070552019557438,0.1329953418386031
