,model,ap,ap,accuracy,accuracy,precision,precision,recall,recall,f1,f1
,,mean,std,mean,std,mean,std,mean,std,mean,std
0,MLP,0.5458454764043398,0.21353922186702776,0.6991048676255367,0.058770711700292515,0.6151880281112553,0.2271151131892561,0.45388150007997846,0.08491196932136845,0.4917792193662862,0.09822143646212028
1,Random Forest,0.6377905691509733,0.3059887518029361,0.7470987886137437,0.08085291583394083,0.6358733394088907,0.34902033325334914,0.4902912847163564,0.23146975799461034,0.527850572638871,0.2884431880247969
2,XGBoost,0.658690253582637,0.299204338312599,0.7603292940269393,0.07205443306895198,0.6508112214316133,0.3186742881536551,0.5518639597461121,0.17724266621270882,0.5792767887811792,0.2515521164647706
