,model,ap,ap,accuracy,accuracy,precision,precision,recall,recall,f1,f1
,,mean,std,mean,std,mean,std,mean,std,mean,std
0,MLP,0.6483731599277913,0.16581361769949793,0.7072932238403532,0.08474828209698919,0.6376686118207331,0.18210259784551933,0.6353701790007947,0.20609597482965708,0.615712974905751,0.15923880647014962
1,Random Forest,0.7210353833457045,0.20180622541726664,0.7279120687305787,0.08914556517653018,0.7148061819703427,0.22352240399858106,0.5861694328069131,0.19102005996941146,0.617728998417906,0.17443444432965685
2,XGBoost,0.7139447531607673,0.19737123897605835,0.7266065144616446,0.09926209147551343,0.7115461337186544,0.2144518737787678,0.6243236961614159,0.21087446572798385,0.6306519301336734,0.1669380572079002
