,model,ap,ap,accuracy,accuracy,precision,precision,recall,recall,f1,f1
,,mean,std,mean,std,mean,std,mean,std,mean,std
0,MLP,0.7104139345530003,0.05207619623184437,0.694680968587599,0.09901527518545171,0.6843121952251121,0.10921740168649625,0.6917302556140946,0.22362392149516802,0.6617731204137475,0.10621512800768469
1,Random Forest,0.8234269777551436,0.07512943410843734,0.7789694991597296,0.07653943628607941,0.8321634772940415,0.043074757415867714,0.6436894959498151,0.16351046340718733,0.715237249085172,0.11394847457559865
2,XGBoost,0.7825895582696449,0.11421301928703377,0.7657797408663839,0.09000169013331118,0.7968330011694835,0.08926308323429492,0.6663999705057475,0.19973586208298527,0.7070552019557438,0.1329953418386031
