,model,ap,ap,accuracy,accuracy,precision,precision,recall,recall,f1,f1
,,mean,std,mean,std,mean,std,mean,std,mean,std
0,MLP,0.635297637210252,0.1536713148970363,0.6840261239904063,0.07162716657156125,0.645777010233001,0.17440389379567603,0.5858896604789912,0.18803746266377896,0.5800379604179315,0.1243451488369433
1,Random Forest,0.7165978824694188,0.20406969441307976,0.7293451914666697,0.09214920679974768,0.7163450875690355,0.22607308775287657,0.5854133518235145,0.20299243845386486,0.6171150023494995,0.1846861708796812
2,XGBoost,0.7139447531607673,0.19737123897605835,0.7266065144616446,0.09926209147551343,0.7115461337186544,0.2144518737787678,0.6243236961614159,0.21087446572798385,0.6306519301336734,0.1669380572079002
