,Statistical Parity,Equal Opportunity,Average Odds
0,-0.01759350383073821,-0.004208717018980845,0.002362349037679734
1,-0.01635444888488835,-0.05662985436847334,0.028743639645120722
2,-6.311005198754504,-0.9792532497563702,0.02359146142269719
3,-7.788128976149444e-05,-0.018970003822148085,-1.1231356352281452e-05
4,-0.018847497325864326,-0.0013515090894495874,-0.00012450053335255618
