,Statistical Parity,Equal Opportunity,Average Odds
0,0.25867375961714134,0.20400567907384576,0.5198158407067124
1,0.24099208057032717,0.18043682748768397,0.4252223264513896
2,0.2823761426305857,0.24807974612812117,0.4708870880264626
3,0.23641209905601396,0.17541837027723708,0.7440493542550394
4,0.22501969688790047,0.10737045977186527,0.3717995932229019
