,Statistical Parity,Equal Opportunity,Average Odds
0,0.07519918583079328,0.12157675743053886,0.2002532356275628
1,0.11109355817279372,0.1988318680723965,0.32153982970999956
2,0.14401483144173174,0.15991381738087293,0.3054161752111346
3,0.09425793529117865,0.12924561270941679,0.23681112439607888
4,0.09848586991235464,0.13523189408688016,0.22111286375570421
