,Statistical Parity,Equal Opportunity,Average Odds
0,-0.07124914722815667,-0.04824753599031206,-0.01628676864081613
1,-0.16115192517308885,-0.10827654286817778,-0.06578570078635315
2,-0.23625288904926767,-0.025502888947117386,-0.01950455630141068
3,-0.20221234111507136,-0.04208023138901695,-3.2934989388169527
4,-0.042012824171262064,-3.345226615755233,-0.02674202081018673
