,Statistical Parity,Equal Opportunity,Average Odds
0,0.14102811095807166,0.1872862375050662,0.2628906351947596
1,0.10693381766338575,0.1630336305285665,0.17384883423717415
2,0.2809718464141806,0.24521789166864194,0.5205848291504159
3,0.18625019198402937,0.24243796335121873,0.3509356338786963
4,0.1900828215095795,0.09394936697852287,0.4160422614648927
