,Statistical Parity,Equal Opportunity,Average Odds
0,-0.0016192527171861038,-0.007555608165521921,-0.07652801226087957
1,-0.7205760376852774,-4.734261600858888,-2.7699359617303103
2,-0.08912851399437982,-0.0107565614623637,-0.0011976653718110963
3,-0.11924289929275189,-0.740888156534689,-0.005633365300931725
4,-14.818759124051335,-737.8218482907838,-1.7685453497935661
