,Statistical Parity,Equal Opportunity,Average Odds
0,0.24071503724188967,0.16473350942509507,0.45759733418621096
1,0.25097294667774067,0.16843286753159492,0.46957208998971056
2,0.2449914045465973,0.1653778531123712,0.4625236662703616
3,0.23925378783104556,0.1657738939654365,0.4518740886311208
4,0.5519257086640338,0.18264269597670924,0.51716021827867
