,Statistical Parity,Equal Opportunity,Average Odds
0,0.5061541055668273,0.28772995362134934,0.8179369517794021
1,0.47209631630963694,0.2617283464760864,0.5196746531216978
2,0.3252067397344689,0.38153564017755653,0.56194529946965
3,0.3333170939498674,0.2792499818671139,0.567152360385121
4,0.32372505112497174,0.2761132511478567,0.5077234871066515
