,Statistical Parity,Equal Opportunity,Average Odds
0,-0.06680191411310266,-0.0461766683142486,-0.07903083880717587
1,-0.03635576152328479,-0.015723597967958636,-0.004343477385628347
2,-0.044449806186341645,-0.0040901025510908795,-0.07265314363930253
3,-0.04644703248273774,-2.1106058313957732e-05,-0.0131503116737679
4,-0.00024485297489151847,-0.2651986811229998,-0.00627543038144629
