,Statistical Parity,Equal Opportunity,Average Odds
0,0.1733493138858564,0.17576758740910967,0.3181124759842223
1,0.15484186635514802,0.1252140282092135,0.3033588142922418
2,0.17593055060469107,0.1443155024908896,0.38243948229551
3,0.1639819149424402,0.1570657106531704,0.34608693438450133
4,0.1742747810043772,0.14611823323409445,0.33244191788423566
