,Statistical Parity,Equal Opportunity,Average Odds
0,-0.002939284441354051,-0.007742498463394254,-0.0101237420168665
1,-0.012422542410875703,-6.653510870457957e-05,-0.00030684720562579315
2,-6.704952612901494e-06,-0.013765443722522086,-0.0009149588545438458
3,0.0007592491907868482,-0.019838526376238397,0.0013866630714660655
4,-4.279386335537214,-0.14209454938817556,-0.3434073967737201
