,Statistical Parity,Equal Opportunity,Average Odds
0,0.311032265033174,0.2889715732246507,0.5364893466347292
1,0.3141191476116605,0.26473259546849504,0.4972643236386277
2,0.34970216724516134,0.27924724731204575,0.5641992141128606
3,0.3148819792240944,0.2490775841143434,0.532550321244442
4,0.3201865235097877,0.3185030667950069,0.532634181554582
