,Statistical Parity,Equal Opportunity,Average Odds
0,0.681582362311131,0.1165315082395596,0.7400633706459279
1,0.771380301232982,0.09520086700499597,0.8218518419504591
2,-0.22398734571894163,-0.001978906310285966,-0.2460590464958008
3,0.25383436770670476,-0.9904545595677146,0.04486929047141741
4,0.2564370651628869,-2.326829331552032,-0.28563714791625383
