,Statistical Parity,Equal Opportunity,Average Odds
0,0.9372513689785652,0.8010588711192949,0.8284866452530829
1,0.8862804703164091,0.37063427131766924,0.667684645287358
2,0.7912034288147336,0.618580065047765,0.688083530770474
3,0.8985047588991933,0.7123705450078327,0.7940158092449501
4,0.9084346007776478,0.7393855216155244,0.8229680519439586
