,Statistical Parity,Equal Opportunity,Average Odds
0,-1.4587671030079794,-0.004755016036042781,-1.538495091834093
1,-1.4826170728904766,-7.910213638817609e-05,-0.03735921021885802
2,-0.0022187505957989018,-1.14329673030171,-0.008580661275076062
3,-0.008307540747094055,-6.387536599983257e-05,-0.03144237604532263
4,-0.05275453330567714,-0.2270825525045057,-0.012127481994414158
