,Statistical Parity,Equal Opportunity,Average Odds
0,0.25012578378487693,0.2000068383233081,0.5350003199549729
1,0.2933561402925079,0.4104307231688264,0.7997386793844762
2,0.26504151519587654,0.2462896430803645,0.46664015816007737
3,0.2281084019541341,0.22673049105255616,0.36009401337898767
4,0.8767387661558116,1.4000658488669213,0.6105258584548009
