,Statistical Parity,Equal Opportunity,Average Odds
0,0.565479045837059,0.025794144149900222,0.5148573778685264
1,0.596798537728303,0.25620004710713595,0.5446576297260703
2,0.4109392353670036,0.29036764697221484,0.2907044797783407
3,0.6214792487448169,0.1695770086961348,0.38364011605617687
4,0.369265884910556,0.2632886906843941,0.3760661736417853
