,Statistical Parity,Equal Opportunity,Average Odds
0,0.25238320562331923,0.17093728757515209,0.457675950264237
1,0.24128596784094364,0.17562975801945055,0.44788714643088456
2,0.6474242128755595,0.23689712796832765,0.4376563216005404
3,0.2520146852772768,0.17317001804950413,0.46091204443100053
4,0.23176847931486147,0.16138267539617462,0.43779938090248455
