,variable,importance,correlation,unbalance,statistical_parity,equalized_odds
0,race,0.08267254038179148,-0.21030696826855788,1.1919486581096848,0.01866977829638273,-0.04095926052291713
1,fulltime,0.030690161527165926,-0.1740484146602701,,-0.01566324033284386,0.0350177654596671
2,gender,0.14419970631424378,0.3078094049539819,0.2796484888304861,-0.025569881705407034,0.0487486332843186
3,parttime,0.01820851688693097,-0.1740484146602706,1.059856719367589,0.013164364396995505,-0.03269442560463891
4,pass_bar,0.0007342143906020837,0.14686477919778992,0.962468592964824,-0.0006179598791487689,0.016225929318387518
