,variable,importance,correlation,unbalance,statistical_parity,equalized_odds
0,black_people,0.09523809523809526,0.6219391492253451,,0.0,0.0
1,hisp_people,0.06265664160401004,0.34520395278570354,,0.0,0.0
