,variable,importance,correlation,unbalance,statistical_parity,equalized_odds
0,gender,0.0312997347480106,-0.2792545590868409,1.2543859649122804,0.26190476190476186,-0.1283979178716021
1,race,0.03183023872679043,0.09970442704332909,0.9276828434723171,-0.04419381787802845,0.0028540623963306255
