,variable,importance,correlation,unbalance,statistical_parity,equalized_odds
0,gender,0.033952254641909804,-0.2792545590868409,0.8666666666666666,-0.04597701149425287,0.02191850481872734
1,race,0.029708222811671115,0.09970442704332909,,-0.2046783625730994,0.5315983479149088
