,variable,importance,correlation,unbalance,statistical_parity,equalized_odds
0,black_people,0.09523809523809523,0.6219391492253451,1.4180147058823531,0.08574660633484163,-0.12076700852231692
1,hisp_people,0.04862155388471183,0.34520395278570354,0.9338297872340425,-0.01613907628437987,0.14927501401906595
