,variable,importance,correlation,unbalance,statistical_parity,equalized_odds
0,black_people,0.10025062656641608,0.6219391492253451,,0.0,0.0
1,hisp_people,0.05513784461152884,0.34520395278570354,,0.0,0.0
