,variable,importance,correlation,unbalance,statistical_parity,equalized_odds
0,alcohol,0.37096512570965123,0.7755439463875933,,0.0,0.0
1,type,0.05158150851581509,0.14715812763933228,,0.0,0.0
