,variable,importance,correlation,unbalance,statistical_parity,equalized_odds
0,wife_religion,0.09898305084745762,-0.05821306148897585,0.5736111111111111,-0.27288888888888885,0.5391729774771462
1,wife_work,0.05559322033898306,0.14187173123284183,1.1113013698630136,0.08021720350487471,-0.1043002809064073
2,media,0.031186440677966075,-0.255929730243235,0.9253020446096655,-0.45967972547898206,0.8395378151260504
