,variable,importance,correlation,unbalance,statistical_parity,equalized_odds
0,alcohol,0.3740470397404704,0.7755439463875933,,0.0,0.0
1,type,0.05531224655312248,0.14715812763933228,,0.0,0.0
