,fairness_method,model,stat_par,eq_odds,ao,acc,hmean
0,NO_ONE,logreg,0.2931515302094242,0.32156616012399164,0.29198399813126996,0.5203403936336184,0.6456698895129149
