,fairness_method,model,stat_par,eq_odds,ao,acc,hmean
0,NO_ONE,logreg,0.10366463715835164,-0.023363836562396045,-0.007310563220401809,0.9635583343705555,0.9560462760068922
