,variable,importance,correlation,unbalance,statistical_parity,equalized_odds,average_odds
0,respects,0.0,0.10074938977033487,1.0022744503411676,0.012396694214875992,-2.0,-0.08027242118151212
