,variable,importance,correlation,unbalance,statistical_parity,equalized_odds
0,gender,0.030769230769230792,-0.27901918414813903,1.2543859649122804,0.26190476190476186,-0.1283979178716021
1,race,0.02970822281167109,0.08042175501981919,0.9276828434723171,-0.04419381787802845,0.0028540623963306255
