,variable,importance,correlation,unbalance,statistical_parity,equalized_odds
0,black_people,0.08320802005012533,0.6201151198672539,1.7887129210658625,0.4732277526395174,-0.951039200210471
1,hisp_people,0.05964912280701758,0.34301337121823683,1.509219858156028,0.36328489880643483,-0.4167612740460423
