,variable,importance,correlation,unbalance,statistical_parity,equalized_odds
0,black_people,0.10325814536340856,0.6201151198672539,0.8445855614973263,-0.07013574660633481,0.05733794944321896
1,hisp_people,0.05213032581453636,0.34301337121823683,0.8682301740812379,-0.07070576024909186,0.13566576117305063
