,variable,importance,correlation,unbalance,statistical_parity,equalized_odds
0,alcohol,0.3742092457420924,0.7755439463875945,,0.0,0.0
1,type,0.052716950527169515,0.14715812763933214,,0.0,0.0
