,variable,importance,correlation,unbalance,statistical_parity,equalized_odds
0,black_people,0.09273182957393486,0.6201151198672539,0.16495393338058115,-0.3554298642533937,0.5845600529281263
1,hisp_people,0.057644110275689255,0.34301337121823683,0.8591643168418355,-0.07127659574468084,-0.05188940092165899
