,variable,importance,correlation,unbalance,statistical_parity,equalized_odds
0,black_people,0.0897243107769424,0.6201151198672539,1.4180147058823531,0.08574660633484163,-0.12076700852231692
1,hisp_people,0.05313283208020052,0.34301337121823683,0.9338297872340425,-0.01613907628437987,0.14927501401906595
