,variable,importance,correlation,unbalance,statistical_parity,equalized_odds
0,wife_religion,0.09559322033898306,-0.08729932134646197,3.6228070175438596,0.39866666666666667,-0.8903578353604795
1,wife_work,0.061694915254237294,0.12833033505656807,1.807858687815429,0.1382821177341725,-0.4270518553290338
2,media,0.029830508474576266,-0.2595209851149787,1.0677949520641754,0.09908492993994852,-0.3018474513092908
