,variable,importance,correlation,unbalance,statistical_parity,equalized_odds
0,alcohol,0.36820762368207627,0.7755439463875945,,0.0,0.0
1,type,0.05239253852392538,0.14715812763933214,,0.0,0.0
