,variable,importance,correlation,unbalance,statistical_parity,equalized_odds
0,Gender,0.15369127516778522,-0.18667321031128425,1.4493869692978012,0.2006696529568798,-0.18570255518523884
1,Age,0.10671140939597315,-0.01983176621700877,1.4859592336628467,0.25184748605884755,-0.011686818455137929
2,family_history_with_overweight,0.03691275167785235,-0.0076784566775405984,1.8392150656749486,0.28509219934412133,-0.01680511352642497
3,FAVC,0.11208053691275169,0.08618900398057451,1.302574065080136,0.08951149425287358,0.03588464210517918
4,SMOKE,0.0013422818791946512,0.019907230710737283,0.9952083635835632,-0.04860088365243004,-0.6165665410854292
5,SCC,0.014093959731543638,0.04532689995442571,0.9091371332689276,-0.307203025614578,0.4131848055614872
