,fairness_method,model,stat_par,eq_odds,ao,acc,hmean
0,NO_ONE,logreg,-0.18580373236716835,0.141541171601066,0.2652236377351431,0.83409825468649,0.8181273627242525
