,fairness_method,model,stat_par,eq_odds,ao,acc,hmean
0,NO_ONE,logreg,0.30678700950702353,-0.3533394515431366,-0.4834246664522019,0.511220761312017,0.5355727177446767
