,fairness_method,model,stat_par,eq_odds,ao,acc,hmean
0,NO_ONE,logreg,-0.2306839394175087,0.18092185464079874,0.4774959983993598,0.752,0.7328966702512589
