,fairness_method,model,stat_par,eq_odds,ao,acc,hmean
0,NO_ONE,logreg,0.24973391021753663,-0.07820998445998445,-0.1880341880341881,0.5758207872301833,0.7512544979778311
