,fairness_method,model,stat_par,eq_odds,ao,acc,hmean
0,NO_ONE,logreg,-0.03314158450338611,-0.02388258226038853,-0.05313421181282324,0.8680272108843538,0.9431849504033062
