,fairness_method,model,stat_par,eq_odds,ao,acc,hmean
0,NO_ONE,logreg,0.10924374559548983,-0.047519007603041175,-0.29995690583925877,0.8512461059190031,0.8490740905938371
