,fairness_method,model,stat_par,eq_odds,ao,acc,hmean
0,NO_ONE,logreg,0.17477433913604123,-0.031746031746031744,-0.5158730158730159,0.923728813559322,0.7670125597398006
