,fairness_method,model,stat_par,eq_odds,ao,acc,hmean
0,NO_ONE,logreg,-0.021701274378562063,-0.004060120869633477,0.054942923000932925,0.9138972809667674,0.9473640802902985
