,Statistical Parity,Equal Opportunity,Average Odds
0,0.19449500982043905,0.1504320850684509,0.3440595119064925
1,0.20327316643138646,0.15215749560631942,0.36218062365478915
2,0.17972636023758015,0.14812806917403154,0.3396889364698218
3,0.20010874923644661,0.15781859467220258,0.3651021191908098
4,0.19232422888527054,0.16733470648109727,0.346616140870101
