,Statistical Parity,Equal Opportunity,Average Odds
0,0.07740185874746763,0.15024710128260738,0.24721755323294375
1,0.06995891572031043,0.12025150708478774,0.20555231209807373
2,0.10370403785097555,0.17150041798303753,0.2714964490193011
3,0.10986212128397363,0.14924599475117467,0.22117795850435376
4,0.12260781153588529,0.1372471667914211,0.2576570250582009
