,Statistical Parity,Equal Opportunity,Average Odds
0,0.642809654681088,0.30534430238792365,0.48994460106964166
1,0.4728097669323491,0.24439169078998058,0.47266400684185583
2,0.5130300824389367,0.15298319994209986,0.3342929603849468
3,0.5525182549247383,-0.09219247930043029,0.5363654937727296
4,0.5838349539593355,0.21015968356960968,0.4570338761782323
