,Statistical Parity,Equal Opportunity,Average Odds
0,0.11152954444139843,0.10903648354921808,0.19194531603643739
1,0.13083407703681238,0.13055328797564078,0.1968997126148368
2,0.13339714974003442,0.12706176595307989,0.19353942700662854
3,0.12351232440910564,0.11938907124178266,0.21446296927986913
4,0.12097848519566194,0.12773615154705248,0.1990457398334314
