,Statistical Parity,Equal Opportunity,Average Odds
0,0.2495391205413073,0.19886840136926354,0.46580850778692895
1,0.22107458460529308,0.17046542524425298,0.36040354065626573
2,0.283591150091729,0.2586024178307133,0.5359625613052673
3,0.22929357186299734,0.16485524581940314,0.340653151392746
4,0.24975312864693439,0.05275258867574135,0.44310813707661956
