,Statistical Parity,Equal Opportunity,Average Odds
0,0.938838487238082,0.6790799298395902,0.7737486461889536
1,0.9509268029676143,0.7759309196954821,0.8092556177515369
2,0.8975724492796024,0.6311238494436997,0.7279148202221807
3,0.8910190801316482,0.6729076124727089,0.836106489557764
4,0.8446795923311424,0.6359897969438998,0.7526536304851044
