,Statistical Parity,Equal Opportunity,Average Odds
0,0.1441685211023548,0.1559903670668492,0.33520926071745644
1,0.1843829775943332,0.18275650073206304,0.33627268138705874
2,0.18829384595362642,0.19834575731911858,0.40246812458549686
3,0.17051578022634767,0.14155406178654473,0.29394047403992263
4,0.14556565281322842,0.13722296070634782,0.3328390973114979
