,Statistical Parity,Equal Opportunity,Average Odds
0,0.758430968858451,0.2478829777132847,0.7812705104095157
1,0.8162389977718029,0.1703881105563676,0.8658583906813215
2,0.5139224982279869,0.08687081722395085,-0.3397212444155935
3,0.26271792663739657,-0.301333997174418,-0.4207694350022031
4,-0.2208849152699559,-0.36095690489859344,-1.0918995144597012
