,Statistical Parity,Equal Opportunity,Average Odds
0,0.7871508351268496,0.5676483294109114,0.8258674591793468
1,0.703114138594844,0.41392584163831725,0.8057129412010953
2,0.6916438193363663,0.4533749438519894,0.8117449480002471
3,0.7316752273687572,0.41481125656514506,0.7680936246203088
4,0.7376515950092677,0.4000002919509048,0.7997469601324252
