,Statistical Parity,Equal Opportunity,Average Odds
0,0.36246110949275,0.13982631662033496,0.4472018294198262
1,0.3232843462563866,0.05530180658979533,0.37572380619283763
2,0.4206472180798916,0.06647754286915786,0.4505411375099585
3,0.33869720009545745,-0.05151078645007323,0.37455915541341767
4,0.32199685571016956,0.06264855444021944,0.3820448087397419
