,Statistical Parity,Equal Opportunity,Average Odds
0,0.0030737787274450756,0.003881741488610202,0.18392122153508894
1,0.022850217607825463,0.01083124765118304,0.234375418746246
2,-0.2469144696824006,-0.11434439420792697,-0.32076184660299645
3,-0.13090348685426467,0.07964249931575851,0.1000203413724765
4,-0.28367140763283216,-0.04889099724433832,-0.45835403156524124
