,Statistical Parity,Equal Opportunity,Average Odds
0,0.12283659216830571,0.17280370163161635,0.24115431876400417
1,0.09587048473826179,0.15611282962967,0.15085609821562188
2,0.17706270781421207,0.23409329576437593,0.5397956974371944
3,0.18513816090732824,0.19602834853374979,0.42801389382425575
4,0.24356863781245564,0.06008980351887829,0.5306994671898625
