,fairness_method,model,stat_par,eq_odds,ao,acc,hmean
0,NO_ONE,logreg,0.16420019833267993,0.1811744780965199,0.13569883536142155,0.6604516189151588,0.7847772032824167
