,fairness_method,model,stat_par,eq_odds,ao,acc,hmean
0,NO_ONE,logreg,0.39630125651732717,-0.40851300725681805,-0.7504649686868429,0.4739217652958877,0.4746703989037254
