,fairness_method,model,stat_par,eq_odds,ao,acc,hmean
0,NO_ONE,logreg,0.1519396551724138,-0.2336601307189542,0.24747474747474757,0.6869918699186992,0.6820778480061822
