,fairness_method,model,stat_par,eq_odds,ao,acc,hmean
0,NO_ONE,logreg,-0.21342242982422283,-0.14842495698660269,-0.1539303521034746,0.8101163542340013,0.8272399936105415
