,fairness_method,model,stat_par,eq_odds,ao,acc,hmean
0,NO_ONE,logreg,-0.17430068840931223,-0.08516511223769604,-0.09783739157026658,0.8131868131868132,0.8638670099038768
