,fairness_method,model,stat_par,eq_odds,ao,acc,hmean
0,NO_ONE,logreg,-0.05600713384765116,-0.04046786807802118,-0.07998667593031573,0.8098924166885332,0.9112936615515933
