,fairness_method,model,stat_par,eq_odds,ao,acc,hmean
0,NO_ONE,logreg,-0.056593566515946825,-0.04749859625238774,-0.09162235541966113,0.803004460771451,0.9064876842991607
