,fairness_method,model,stat_par,eq_odds,ao,acc,hmean
0,NO_ONE,logreg,0.2312292122894823,0.20831381282128625,0.07135146382572424,0.5471976210843018,0.7055664453624741
