,fairness_method,model,stat_par,eq_odds,ao,acc,hmean
0,NO_ONE,logreg,0.20776216300447004,0.16928615894082236,0.05069601507915372,0.541081647100466,0.7210029696946542
