,fairness_method,model,stat_par,eq_odds,ao,acc,hmean
0,NO_ONE,logreg,-0.15001017138090983,-0.09286245418175193,-0.13112649702688367,0.6495881035409024,0.80546375162251
