,fairness_method,model,stat_par,eq_odds,ao,acc,hmean
0,NO_ONE,logreg,-0.1721598315782313,-0.11508270506727508,-0.1243050657228793,0.6510471949223242,0.7920141106997485
