,fairness_method,model,stat_par,eq_odds,ao,acc,hmean
0,NO_ONE,logreg,0.042961767986833384,0.04419614089249724,0.047266084489275155,0.8116333333333334,0.9170901964561162
