,fairness_method,model,stat_par,eq_odds,ao,acc,hmean
0,NO_ONE,logreg,0.03974859289329061,0.04702291694327926,0.044225136546868236,0.8076333333333333,0.9161389530710085
