,fairness_method,model,stat_par,eq_odds,ao,acc,hmean
0,NO_ONE,logreg,0.33420818864975504,0.3161379057399597,0.22646197351528383,0.43681043129388164,0.6063115098411617
