,fairness_method,model,stat_par,eq_odds,ao,acc,hmean
0,NO_ONE,logreg,0.3707841593888241,0.3631061538864583,0.29469157284959774,0.4553660982948846,0.5906023941824353
