,fairness_method,model,stat_par,eq_odds,ao,acc,hmean
0,NO_ONE,logreg,-0.01341427907510595,0.0,0.0,0.9999901735353655,0.9966065144040842
