,fairness_method,model,stat_par,eq_odds,ao,acc,hmean
0,NO_ONE,logreg,-0.228354744683148,-0.07644724556489263,-0.17819365227747566,0.6594163497713625,0.7924525364108563
