,fairness_method,model,stat_par,eq_odds,ao,acc,hmean
0,NO_ONE,logreg,-0.22409496563388387,-0.06792717086834735,-0.13087152753653092,0.6557008508329336,0.795262719995138
