,fairness_method,model,stat_par,eq_odds,ao,acc,hmean
0,NO_ONE,logreg,-0.25090898877552065,-0.19187847730161395,-0.29937600040016005,0.735,0.7676711315064397
