,fairness_method,model,stat_par,eq_odds,ao,acc,hmean
0,NO_ONE,logreg,-0.2073244697107185,-0.13655290994188507,-0.26558248299319726,0.722,0.7965357173059977
