,fairness_method,model,stat_par,eq_odds,ao,acc,hmean
0,NO_ONE,logreg,-0.0020948785137890735,-0.006098418174760485,-0.005399704160110251,0.8170314279102502,0.944243538628927
