,fairness_method,model,stat_par,eq_odds,ao,acc,hmean
0,NO_ONE,logreg,-0.0072005851619693795,-0.010323645623226078,-0.012775077756407517,0.8226183645884628,0.9429246136037082
