,fairness_method,model,stat_par,eq_odds,ao,acc,hmean
0,NO_ONE,logreg,0.24478815184545935,0.05916618104118104,0.11944444444444446,0.5623072737166697,0.7618990451769949
