,fairness_method,model,stat_par,eq_odds,ao,acc,hmean
0,NO_ONE,logreg,0.25555231608900497,0.05891365578865582,0.11132478632478637,0.5555505169599129,0.7534331173855543
