,fairness_method,model,stat_par,eq_odds,ao,acc,hmean
0,NO_ONE,logreg,-0.03653305517183375,-0.03221248808467547,-0.014328602528490553,0.8517006802721089,0.9372298447313995
