,fairness_method,model,stat_par,eq_odds,ao,acc,hmean
0,NO_ONE,logreg,-0.034799150525348044,-0.033904516749631686,0.0077493195494315326,0.85578231292517,0.9395133480521223
