,fairness_method,model,stat_par,eq_odds,ao,acc,hmean
0,NO_ONE,logreg,0.25743222416217876,0.2678927545548481,0.2502037624850645,0.5292011983406275,0.6771346591404699
