,fairness_method,model,stat_par,eq_odds,ao,acc,hmean
0,NO_ONE,logreg,0.250604261041599,0.28236691558952176,0.25567725908738437,0.5194593076229015,0.6708480854328326
