,fairness_method,model,stat_par,eq_odds,ao,acc,hmean
0,NO_ONE,logreg,0.08546087533156499,0.23529411764705876,-0.050505050505050525,0.6393728222996515,0.7931600832367665
