,fairness_method,model,stat_par,eq_odds,ao,acc,hmean
0,NO_ONE,logreg,0.10469164456233421,0.2647058823529411,-0.050505050505050525,0.6274680603948897,0.7732151048384236
