,fairness_method,model,stat_par,eq_odds,ao,acc,hmean
0,NO_ONE,logreg,0.0006979959200058283,-0.03113251879699247,-0.0773145446843203,0.8912751677852349,0.9218846582337472
