,fairness_method,model,stat_par,eq_odds,ao,acc,hmean
0,NO_ONE,logreg,0.010224867619291325,-0.00507305194805191,-0.05278171165822927,0.8859060402684564,0.927683694863955
