,fairness_method,model,stat_par,eq_odds,ao,acc,hmean
0,NO_ONE,logreg,-0.06384678545568079,0.0006997976452865484,-0.055387272473699505,0.698044630454892,0.8703499660554643
