,fairness_method,model,stat_par,eq_odds,ao,acc,hmean
0,NO_ONE,logreg,-0.054596485036680825,0.012930580246582501,-0.04004044277804072,0.6975340790593848,0.8752654826991682
