,fairness_method,model,stat_par,eq_odds,ao,acc,hmean
0,NO_ONE,logreg,0.14307038407329103,0.06730692276910766,0.1453027364792071,0.8140792661820699,0.8724836988599542
