,fairness_method,model,stat_par,eq_odds,ao,acc,hmean
0,NO_ONE,logreg,0.1445080162085976,0.0851640656262505,0.19649321266968328,0.8140792661820699,0.8645090021122943
