,fairness_method,model,stat_par,eq_odds,ao,acc,hmean
0,NO_ONE,logreg,0.14068343004513217,0.019841269841269882,0.043650793650793676,0.9322033898305084,0.9014084446079969
