,fairness_method,model,stat_par,eq_odds,ao,acc,hmean
0,NO_ONE,logreg,-0.031009730991985784,-0.009409387018287363,-0.052950441797925435,0.892749244712991,0.9518405856245895
