,fairness_method,model,stat_par,eq_odds,ao,acc,hmean
0,NO_ONE,logreg,-0.05861955973725208,-0.015358292127776452,-0.10730160254651225,0.8821752265861027,0.9298748551262364
