,fairness_method,model,stat_par,eq_odds,ao,acc,hmean
0,NO_ONE,logreg,0.10036667690146936,-0.010987535111386726,-0.004230571039310764,0.9895695576018575,0.9667541374760269
