,fairness_method,model,stat_par,eq_odds,ao,acc,hmean
0,NO_ONE,logreg,0.10025214888767438,-0.011724535147338011,-0.004975358498249643,0.9894426398258119,0.9664927134771857
