,fairness_method,model,stat_par,eq_odds,ao,acc,hmean
0,NO_ONE,logreg,0.03884681901021608,0.037892031250078784,0.0131617135911003,0.7706093189964158,0.9070714151910402
