,fairness_method,model,stat_par,eq_odds,ao,acc,hmean
0,NO_ONE,logreg,0.05278618159299758,0.057150620761832804,0.03797585865840991,0.7616487455197132,0.8949297917247001
