,fairness_method,model,stat_par,eq_odds,ao,acc,hmean
0,NO_ONE,logreg,-0.15593567651387502,-0.13483693805886265,-0.1190583546225647,0.5841024853590991,0.7668963837239813
