,fairness_method,model,stat_par,eq_odds,ao,acc,hmean
0,NO_ONE,logreg,-0.1166180644239041,-0.07970057477824644,-0.06506988781766482,0.5870227723024444,0.7949098056708018
