,model_id,score_threshold,k,attribute_name,attribute_value,accuracy,tpr,tnr,for,fdr,fpr,fnr,npv,precision,pp,pn,ppr,pprev,fp,fn,tn,tp,group_label_pos,group_label_neg,group_size,total_entities,prev,ppr_disparity,pprev_disparity,precision_disparity,fdr_disparity,for_disparity,fpr_disparity,fnr_disparity,tpr_disparity,tnr_disparity,npv_disparity,ppr_ref_group_value,pprev_ref_group_value,precision_ref_group_value,fdr_ref_group_value,for_ref_group_value,fpr_ref_group_value,fnr_ref_group_value,tpr_ref_group_value,tnr_ref_group_value,npv_ref_group_value
0,0,binary 0/1,430,race,0.0,0.6872635561160151,0.5862944162436549,0.7869674185463659,0.3417190775681342,0.2689873417721519,0.21303258145363407,0.4137055837563452,0.6582809224318659,0.7310126582278481,316,477,0.7348837209302326,0.39848675914249687,85,163,314,231,394,399,793,1234,0.4968474148802018,1.0,1.0,1.0,1.0,1.0,1.0,1.0,1.0,1.0,1.0,0.0,0.0,0.0,0.0,0.0,0.0,0.0,0.0,0.0,0.0
1,0,binary 0/1,430,race,1.0,0.6757369614512472,0.4198895027624309,0.8538461538461538,0.3211009174311927,0.3333333333333333,0.14615384615384616,0.580110497237569,0.6788990825688074,0.6666666666666666,114,327,0.2651162790697674,0.2585034013605442,38,105,222,76,181,260,441,1234,0.41043083900226757,0.36075949367088606,0.6487126496168087,0.9119769119769119,1.2392156862745098,0.9396634209489503,0.6860633484162897,1.402230281666271,0.7161751692138432,1.084982851543361,1.0313212177876467,0.0,0.0,0.0,0.0,0.0,0.0,0.0,0.0,0.0,0.0
