,model_id,score_threshold,k,attribute_name,attribute_value,accuracy,tpr,tnr,for,fdr,fpr,fnr,npv,precision,pp,pn,ppr,pprev,fp,fn,tn,tp,group_label_pos,group_label_neg,group_size,total_entities,prev,ppr_disparity,pprev_disparity,precision_disparity,fdr_disparity,for_disparity,fpr_disparity,fnr_disparity,tpr_disparity,tnr_disparity,npv_disparity,ppr_ref_group_value,pprev_ref_group_value,precision_ref_group_value,fdr_ref_group_value,for_ref_group_value,fpr_ref_group_value,fnr_ref_group_value,tpr_ref_group_value,tnr_ref_group_value,npv_ref_group_value
0,0,binary 0/1,90,sex_M,0,0.9880952380952381,1.0,0.9583333333333334,0.0,0.01639344262295082,0.041666666666666664,0.0,1.0,0.9836065573770492,61,23,0.6777777777777778,0.7261904761904762,1,0,23,60,60,24,84,133,0.7142857142857143,1.0,1.0,1.0,1.0,,1.0,,1.0,1.0,1.0,0,0,0,0,0,0,0,0,0,0
1,0,binary 0/1,90,sex_M,1,0.8979591836734694,0.875,0.9411764705882353,0.2,0.034482758620689655,0.058823529411764705,0.125,0.8,0.9655172413793104,29,20,0.32222222222222224,0.5918367346938775,1,4,16,28,32,17,49,133,0.6530612244897959,0.4754098360655738,0.8149882903981265,0.981609195402299,2.103448275862069,10.0,1.411764705882353,10.0,0.875,0.9820971867007672,0.8,0,0,0,0,0,0,0,0,0,0
