,fairness_method,model,stat_par,eq_odds,ao,acc,hmean
0,NO_ONE,logreg,-0.1642001983326799,-0.10063694240706994,-0.1356988353614215,0.6604516189151588,0.8020476062400734
