,fairness_method,model,stat_par,eq_odds,ao,acc,hmean
0,NO_ONE,logreg,-0.004943789355237274,-0.046431775461380664,-0.07286322472916773,0.8771812080536913,0.9298101682064688
