,fairness_method,model,stat_par,eq_odds,ao,acc,hmean
0,NO_ONE,logreg,-0.1947358002416349,-0.19930067908513904,-0.1840982942695923,0.5140445961515863,0.7073715609439328
