,fairness_method,model,stat_par,eq_odds,ao,acc,hmean
0,NO_ONE,logreg,-0.005311632543867271,-0.005424583626554069,-0.00605152932008572,0.7993053677081294,0.937334514283348
