,variable,importance,correlation,unbalance,statistical_parity,equalized_odds,average_odds
0,alcohol,0.37453365774533653,0.7755439463875945,,0.0,0.0,-0.02071908018718105
1,type,0.054176804541768056,0.14715812763933214,,0.0,0.0,-0.04722679643482175
