,Statistical Parity,Equal Opportunity,Average Odds
0,0.6957730843396979,0.3841031681984264,0.7449980850752038
1,0.7564546930604209,0.5314514826361962,0.7950021102890019
2,0.7375256358443272,0.41032739666183793,0.7463873268653525
3,0.7817875706431529,0.5599328877661593,0.7979805726185765
4,0.7282006954298768,0.5335057273549005,0.7616197094057688
