,Statistical Parity,Equal Opportunity,Average Odds
0,0.12250844127179882,0.1565564724806623,0.2472944146051218
1,0.14437236227159259,0.16396963973403453,0.25910345507157784
2,0.13145273681993677,0.15542530022729462,0.2869483040209942
3,0.10921069758456674,0.13296390103270994,0.23235476140894992
4,0.14773280991022075,0.15606289171265883,0.2652012369532168
