,Statistical Parity,Equal Opportunity,Average Odds
0,0.3723258485167462,0.15745122292145064,0.36467421379826914
1,0.39345496556666404,0.15886296171831793,0.40667548669410125
2,0.300216740958434,0.01916509460342275,0.3499737982972785
3,0.2568780511073233,0.04634912629716248,0.374629867924684
4,0.32324332600153527,0.055304719985249995,0.3694845597346117
