,Statistical Parity,Equal Opportunity,Average Odds
0,0.14631838642205144,0.13614697671009665,0.2843049517506923
1,0.14387870227627897,0.1377996305754799,0.3039225853483875
2,0.14321314887449893,0.1352752881518693,0.2848268895720309
3,0.12191862775796229,0.1164537608251589,0.23745709645895272
4,0.10611659053405578,0.1325428685145719,0.22451294741909858
