,Statistical Parity,Equal Opportunity,Average Odds
0,0.19179982852992375,0.1435288005468796,0.363996661079467
1,0.1864078491774686,0.1537987189661418,0.3570270943508694
2,0.19655573449963173,0.15838363210667372,0.3620452186595154
3,0.20559959813590287,0.16290219797735833,0.3601591445114057
4,0.19263085297520016,0.1606646481498424,0.3562892430167972
