,Statistical Parity,Equal Opportunity,Average Odds
0,0.7441305931272326,0.34284757410825706,0.6982699409662012
1,0.7929169643137093,0.267406061970173,0.770296450120912
2,0.2589638045055658,0.12197578428596234,0.07246749929371143
3,0.38814064230370526,0.1381880085089493,0.04313172896494799
4,0.4910033338060996,0.049307735388178675,0.07415359732137572
