,Statistical Parity,Equal Opportunity,Average Odds
0,0.1578007074110546,0.13880929205481332,0.29250248064226597
1,0.16038303090643904,0.15334429795511756,0.2917479578011522
2,0.2030799128939864,0.18556620684787056,0.3547918669317927
3,0.16962707977448926,0.14430322498141357,0.3369448795680724
4,0.18010779898737897,0.14770352408311485,0.3865681484992615
