,Statistical Parity,Equal Opportunity,Average Odds
0,0.3196141325903498,0.2922249293411522,0.4788619011886275
1,0.31641626090260244,0.2718601634000244,0.464581199430068
2,0.3209464362945085,0.27499118351846547,0.481320945960319
3,0.31349464571548064,0.26060353236107275,0.485765575186503
4,0.3272260731411272,0.26766898296353087,0.5059979021271003
