,Statistical Parity,Equal Opportunity,Average Odds
0,0.1315841965591112,0.12808668885392652,0.22895206671594698
1,0.11831630447240671,0.11380187056852575,0.21017996093855953
2,0.1244773816486003,0.11904009132467765,0.22205550247979622
3,0.11456960709913956,0.10547883599486382,0.21004138364395453
4,0.12651723715530605,0.11250018254562758,0.22904410278055684
