,Statistical Parity,Equal Opportunity,Average Odds
0,0.06130477047415783,-0.015709958820876002,0.1983199266216903
1,0.06083601451848619,0.029303746643493445,0.24417799653440853
2,-0.449023709592987,0.008692365211642183,-0.40111527683412174
3,-0.21937370730546202,0.053127530902165154,-0.13373103228032512
4,-0.17794130910499018,-0.02240876163743999,-0.05788812371137064
