,Statistical Parity,Equal Opportunity,Average Odds
0,0.6728681737067155,0.2186569382580834,0.6296011195820791
1,0.7266001748376456,0.1707985397242403,0.7520016564517149
2,0.07900697135182633,0.020378754386308873,-0.03175003373145202
3,0.17838710454419182,-0.01885718619778043,-0.16069409097816112
4,0.295440344574206,-1.2244251171115152,-0.22325965210478338
