,Statistical Parity,Equal Opportunity,Average Odds
0,0.7896804794957691,0.714905566786132,0.6911817724787674
1,0.818182769332837,0.7520823004138055,0.7155067293795303
2,0.8059357644752339,0.7659093533322809,0.7186612863520319
3,0.8399814723308235,0.798049193045453,0.7808366535368745
4,0.8862065951878854,0.7605441717128412,0.8252241432788534
