,variable,importance,correlation,unbalance,statistical_parity,equalized_odds,average_odds
0,Gender,0.15167785234899328,-0.18667321031128425,0.9619996310643791,-0.018641690421247914,0.04888237966358504,0.12257363920184605
1,Age,0.11073825503355705,-0.01983176621700877,0.5457875457875456,-0.2586027111574557,0.06890034364261174,-0.05145758716053861
2,family_history_with_overweight,0.04295302013422819,-0.0076784566775405984,0.12878133102852202,-0.325143809472609,0.06749214837450127,0.06478146336218482
3,FAVC,0.11409395973154364,0.08618900398057451,,-0.325,1.09472049689441,0.17500000000000004
4,SMOKE,0.0,0.019907230710737283,0.9977971627456164,-0.024545900834560597,0.12236575481256334,-0.36377025036818855
5,SCC,0.020805369127516803,0.04532689995442571,1.075812274368231,0.2815884476534296,-1.0564593301435405,-0.02355165893072031
