,variable,importance,correlation,unbalance,statistical_parity,equalized_odds,average_odds
0,Gender,0.14697986577181207,-0.18667321031128425,1.4493869692978012,0.2006696529568798,-0.18570255518523884,0.12257363920184605
1,Age,0.10201342281879193,-0.01983176621700877,1.4859592336628467,0.25184748605884755,-0.011686818455137929,-0.05145758716053861
2,family_history_with_overweight,0.04093959731543626,-0.0076784566775405984,1.8392150656749486,0.28509219934412133,-0.01680511352642497,0.06478146336218482
3,FAVC,0.11812080536912753,0.08618900398057451,1.302574065080136,0.08951149425287358,0.03588464210517918,0.17500000000000004
4,SMOKE,0.0006711409395973256,0.019907230710737283,0.9952083635835632,-0.04860088365243004,-0.6165665410854292,-0.36377025036818855
5,SCC,0.014765100671140962,0.04532689995442571,0.9091371332689276,-0.307203025614578,0.4131848055614872,-0.02355165893072031
