,variable,importance,correlation,unbalance,statistical_parity,equalized_odds,average_odds
0,Gender,0.1389261744966443,-0.18667321031128425,1.0968713401371926,0.02619790959685081,-0.05808241534067733,0.12257363920184605
1,Age,0.10872483221476512,-0.01983176621700877,1.4635273725263611,0.14548669356666818,-0.5985384182143935,-0.05145758716053861
2,family_history_with_overweight,0.04429530201342282,-0.0076784566775405984,1.0122811601776847,0.002526745873877745,-0.025891805615818532,0.06478146336218482
3,FAVC,0.12416107382550337,0.08618900398057451,0.11948676824378508,-0.15775862068965515,0.5290178571428571,0.17500000000000004
4,SMOKE,0.0,0.019907230710737283,1.0002397506593141,0.0014727540500736325,-0.45344486022452124,-0.36377025036818855
5,SCC,0.01744966442953022,0.04532689995442571,0.9757367139618839,-0.04968196664947566,-0.0270066541900603,-0.02355165893072031
