,model_id,score_threshold,k,attribute_name,attribute_value,accuracy,tpr,tnr,for,fdr,fpr,fnr,npv,precision,pp,pn,ppr,pprev,fp,fn,tn,tp,group_label_pos,group_label_neg,group_size,total_entities,prev,ppr_disparity,pprev_disparity,precision_disparity,fdr_disparity,for_disparity,fpr_disparity,fnr_disparity,tpr_disparity,tnr_disparity,npv_disparity,ppr_ref_group_value,pprev_ref_group_value,precision_ref_group_value,fdr_ref_group_value,for_ref_group_value,fpr_ref_group_value,fnr_ref_group_value,tpr_ref_group_value,tnr_ref_group_value,npv_ref_group_value
0,0,binary 0/1,152,age,0.0,0.7804878048780488,0.75,0.8461538461538461,0.3888888888888889,0.08695652173913043,0.15384615384615385,0.25,0.6111111111111112,0.9130434782608695,23,18,0.1513157894736842,0.5609756097560976,2,7,11,21,28,13,41,200,0.6829268292682927,0.17829457364341084,0.6914350538854226,1.1325250836120402,0.448695652173913,1.2962962962962963,0.2830769230769231,3.138888888888889,0.8149038461538461,1.8534798534798536,0.8730158730158731,1.0,1.0,1.0,1.0,1.0,1.0,1.0,1.0,1.0,1.0
1,0,binary 0/1,152,age,1.0,0.7861635220125787,0.9203539823008849,0.45652173913043476,0.3,0.1937984496124031,0.5434782608695652,0.07964601769911504,0.7,0.8062015503875969,129,30,0.8486842105263158,0.8113207547169812,25,9,21,104,113,46,159,200,0.710691823899371,1.0,1.0,1.0,1.0,1.0,1.0,1.0,1.0,1.0,1.0,1.0,1.0,1.0,1.0,1.0,1.0,1.0,1.0,1.0,1.0
