,model,ap,ap,accuracy,accuracy,precision,precision,recall,recall,f1,f1
,,mean,std,mean,std,mean,std,mean,std,mean,std
0,MLP,0.6125464155001115,0.3066995548017891,0.7446040124341143,0.07081206973754736,0.6699443705136552,0.29542561725287436,0.5752423347436542,0.12898434817233428,0.5880889176257741,0.21890503357248522
1,Random Forest,0.7016604102412262,0.3077843161304273,0.7509499606354822,0.08715943432841296,0.714216087858311,0.31290789302975963,0.6299377223044271,0.13962939404421085,0.6146290863165064,0.21788424294055897
2,XGBoost,0.746012063144139,0.2446751009971541,0.7886100852759952,0.04536014053518088,0.7307808930734947,0.29646988195516155,0.6616942436054563,0.08642147247202413,0.6580250639224443,0.19841388699409762
