,model,ap,ap,accuracy,accuracy,precision,precision,recall,recall,f1,f1
,,mean,std,mean,std,mean,std,mean,std,mean,std
0,MLP,0.7487108177584677,0.23276615802133188,0.8147202769543492,0.06440421287989549,0.7280697210204503,0.18081532898120023,0.77209434606558,0.12556433824400823,0.7466130373890233,0.15173867989159026
1,Random Forest,0.8110962145499652,0.19148988228475855,0.8528622890536436,0.06289884597511522,0.8434286728119696,0.12113321284916428,0.725529827332379,0.13204424061582076,0.7795706333139526,0.1279055352865132
2,XGBoost,0.8144042400403869,0.15768217178678648,0.8590549626413478,0.06300084633149612,0.8684490665236279,0.07672607040316175,0.7332677104516578,0.13063909028182694,0.792981586586577,0.10627786192969826
