,model,ap,ap,accuracy,accuracy,precision,precision,recall,recall,f1,f1
,,mean,std,mean,std,mean,std,mean,std,mean,std
0,MLP,0.6904923002152692,0.15765519009678666,0.7367443742723088,0.05691984940497305,0.6927100416321664,0.1363206962985873,0.6537540561126307,0.12444319594983289,0.6701744272505429,0.12084133541840211
1,Random Forest,0.7358200101095722,0.1498611103744389,0.732389914736665,0.07964452556828781,0.7328093040707035,0.15803955271459333,0.6139357454113836,0.06736489156692357,0.6628536243869783,0.089680884921628
2,XGBoost,0.754905428955271,0.11980721996932504,0.7306120421138529,0.09374874017371937,0.7536311597986138,0.18011357441946416,0.6410441756645316,0.062367734573723035,0.677692685630385,0.06387493918176658
