,model,ap,ap,accuracy,accuracy,precision,precision,recall,recall,f1,f1
,,mean,std,mean,std,mean,std,mean,std,mean,std
0,MLP,0.6171667910877683,0.320345017433098,0.7192205307538737,0.10503592698780978,0.6186108191254048,0.30056765840794464,0.5592659178786554,0.2275767573118171,0.5470167005960976,0.25837944785849043
1,Random Forest,0.7076851793849952,0.30500839223146775,0.7379659415938739,0.08916229214040187,0.7110573897601661,0.31363700450741977,0.5979300983208675,0.22364843904650952,0.573275710709844,0.2482328375572783
2,XGBoost,0.746012063144139,0.2446751009971541,0.7886100852759952,0.04536014053518088,0.7307808930734947,0.29646988195516155,0.6616942436054563,0.08642147247202413,0.6580250639224443,0.19841388699409762
