,model,ap,ap,accuracy,accuracy,precision,precision,recall,recall,f1,f1
,,mean,std,mean,std,mean,std,mean,std,mean,std
0,MLP,0.7448288866914711,0.16076951397480727,0.7903650100766603,0.06018382517448977,0.7499218702555945,0.14157244251866677,0.8121453693586165,0.08523169797963517,0.7670993405479976,0.04536481369621291
1,Random Forest,0.8604474481596285,0.045863806155152995,0.8108219672812311,0.059041737060856275,0.84134483488187,0.06245218410211784,0.6974948481496369,0.07415099814716414,0.7603564607746429,0.052423303979900214
2,XGBoost,0.8283401132664544,0.07209033896658762,0.8375071357194337,0.06259365477414763,0.8317592930292236,0.05946911146235741,0.7674399199972738,0.09542595842062282,0.7973868702938874,0.0763886201288945
