,model,ap,ap,accuracy,accuracy,precision,precision,recall,recall,f1,f1
,,mean,std,mean,std,mean,std,mean,std,mean,std
0,MLP,0.6752798910263562,0.19033859723723767,0.6957460368138781,0.09435436117836571,0.6682251680077707,0.15894440741471755,0.7268279302532964,0.17603940270448742,0.6771045653959585,0.10334668174812522
1,Random Forest,0.7640866304984699,0.1273835637022134,0.6773346496080385,0.10210232666792668,0.7161671402251113,0.16208407066370842,0.6353112890720173,0.2137918736767177,0.635110467449921,0.07179649917034893
2,XGBoost,0.7433635977333954,0.1386489181541959,0.6903958865904902,0.10278839968306858,0.7198736845675374,0.16275417566435102,0.6423250068000831,0.19593275536582636,0.647638304419223,0.09605936162703313
