,model,ap,ap,accuracy,accuracy,precision,precision,recall,recall,f1,f1
,,mean,std,mean,std,mean,std,mean,std,mean,std
0,MLP,0.6839165111579495,0.22976317145816708,0.7653562212202575,0.06971318497083556,0.6969080443887574,0.20049827362723807,0.6670302456406216,0.14386417490312997,0.6682921274217801,0.17009198990942836
1,Random Forest,0.7495255449669213,0.21493868752150788,0.7787340548085969,0.09010263222862294,0.7634846882469948,0.20685424375366201,0.6564677650160633,0.12020584507232535,0.6856844480058124,0.16022924541647898
2,XGBoost,0.7717739107132656,0.17116432923702324,0.7927590300103986,0.08478332203758862,0.7842870397985788,0.19987825029908454,0.6786687099072153,0.09896747417976719,0.7095664453798022,0.13941841728714344
