,model,ap,ap,accuracy,accuracy,precision,precision,recall,recall,f1,f1
,,mean,std,mean,std,mean,std,mean,std,mean,std
0,MLP,0.7057269347608307,0.15252611426663445,0.7231669257034005,0.08148901894022242,0.713791352133625,0.13378998261706482,0.5890123177267635,0.17246621787646174,0.6369861302527902,0.14796462063783974
1,Random Forest,0.7253012384851992,0.16059870507860965,0.7203813782649906,0.09980150681703986,0.7168643341088595,0.18128952106623758,0.6275046169774985,0.07271079235285713,0.6597930249679382,0.10059636747753102
2,XGBoost,0.754905428955271,0.11980721996932504,0.7306120421138529,0.09374874017371937,0.7536311597986138,0.18011357441946416,0.6410441756645316,0.062367734573723035,0.677692685630385,0.06387493918176658
