,fairness_method,model,stat_par,eq_odds,ao,acc,hmean
0,NO_ONE,logreg,-0.18580373236716835,0.22755656438665714,-0.1154116741086284,0.83409825468649,0.8227505330887988
