,fairness_method,model,stat_par,eq_odds,ao,acc,hmean
0,NO_ONE,logreg,0.0,0.0,0.012383777015902764,0.8436106008921542,0.953966785521563
