,fairness_method,model,stat_par,eq_odds,ao,acc,hmean
0,NO_ONE,logreg,0.30678700950702353,-0.5909929845621769,0.07292252252252251,0.511220761312017,0.5708976798373877
