,fairness_method,model,stat_par,eq_odds,ao,acc,hmean
0,NO_ONE,logreg,-0.1642001983326799,0.10063694240706994,0.271397670722843,0.6604516189151588,0.7669416760242849
