,fairness_method,model,stat_par,eq_odds,ao,acc,hmean
0,NO_ONE,logreg,-0.1642001983326799,0.28181142050358976,-0.025112993588270793,0.6604516189151588,0.7797710375333328
