,fairness_method,model,stat_par,eq_odds,ao,acc,hmean
0,NO_ONE,logreg,0.03069785722636927,-0.04625650167008753,-0.08446695482553997,0.8093666666666667,0.9124777787955681
