,fairness_method,model,stat_par,eq_odds,ao,acc,hmean
0,NO_ONE,logreg,0.03069785722636927,-0.06331138398042543,0.023859622888718013,0.8093666666666667,0.9166493163972129
