,fairness_method,model,stat_par,eq_odds,ao,acc,hmean
0,NO_ONE,logreg,0.39630125651732717,-0.6454910198078823,-0.0039515939848407955,0.4739217652958877,0.5156233309164823
