,fairness_method,model,stat_par,eq_odds,ao,acc,hmean
0,NO_ONE,logreg,-0.2930790960451978,0.4375471843880039,-0.19532908704883234,0.676390793262682,0.6547153719970688
