,fairness_method,model,stat_par,eq_odds,ao,acc,hmean
0,NO_ONE,logreg,-0.2930790960451978,0.21311274509803924,0.6732089482057901,0.676390793262682,0.6547831129526691
