,fairness_method,model,stat_par,eq_odds,ao,acc,hmean
0,NO_ONE,logreg,-0.2306839394175087,0.36674771040683396,0.10266122766122765,0.752,0.7463275149519747
