,fairness_method,model,stat_par,eq_odds,ao,acc,hmean
0,NO_ONE,logreg,-0.0003225733884151166,0.001753760460115541,-0.027864726391917727,0.8723051536311903,0.9579921091264589
