,fairness_method,model,stat_par,eq_odds,ao,acc,hmean
0,NO_ONE,logreg,0.24973391021753663,-0.1410304972804973,-0.22963412168991315,0.5758207872301833,0.726725323450334
