,fairness_method,model,stat_par,eq_odds,ao,acc,hmean
0,NO_ONE,logreg,-0.03314158450338611,0.02388258226038853,0.10626842362564648,0.8680272108843538,0.9359593704812663
