,fairness_method,model,stat_par,eq_odds,ao,acc,hmean
0,NO_ONE,logreg,-0.03314158450338611,0.05626013621328496,0.019444835846132102,0.8680272108843538,0.9350432666506339
