,fairness_method,model,stat_par,eq_odds,ao,acc,hmean
0,NO_ONE,logreg,0.2931515302094242,-0.555208520031936,0.11240241609920909,0.5203403936336184,0.5959842362501643
