,fairness_method,model,stat_par,eq_odds,ao,acc,hmean
0,NO_ONE,logreg,0.1519396551724138,-0.2011925982514217,-0.17816091954022995,0.6869918699186992,0.6896705228069798
