,fairness_method,model,stat_par,eq_odds,ao,acc,hmean
0,NO_ONE,logreg,-0.004943789355237274,0.04806359020699944,0.012252252252252238,0.8771812080536913,0.931963418096616
