,fairness_method,model,stat_par,eq_odds,ao,acc,hmean
0,NO_ONE,logreg,-0.1947358002416349,0.19930067908513904,0.3681965885391846,0.5140445961515863,0.6676548882970214
