,fairness_method,model,stat_par,eq_odds,ao,acc,hmean
0,NO_ONE,logreg,-0.1947358002416349,0.355819724374547,-0.010587312789147707,0.5140445961515863,0.694707240717703
