,fairness_method,model,stat_par,eq_odds,ao,acc,hmean
0,NO_ONE,logreg,0.10924374559548983,-0.09110875119278478,-0.05341569767441856,0.8512461059190031,0.8591935055702176
