,fairness_method,model,stat_par,eq_odds,ao,acc,hmean
0,NO_ONE,logreg,-0.005311632543867271,0.010681551807251064,-0.10232914749403121,0.7993053677081294,0.9132147724663884
