,fairness_method,model,stat_par,eq_odds,ao,acc,hmean
0,NO_ONE,logreg,-0.005311632543867271,0.005424583626554069,0.01210305864017144,0.7993053677081294,0.9361424695379701
