,fairness_method,model,stat_par,eq_odds,ao,acc,hmean
0,NO_ONE,logreg,0.17477433913604123,-0.06746031746031747,-0.042424242424242364,0.923728813559322,0.7725455363331604
