,fairness_method,model,stat_par,eq_odds,ao,acc,hmean
0,NO_ONE,logreg,-0.021701274378562063,0.06563316722866104,-0.05064954569347446,0.9138972809667674,0.948543157972091
