,fairness_method,model,stat_par,eq_odds,ao,acc,hmean
0,NO_ONE,logreg,0.1036680935803086,0.012901160864041597,0.028483889844736487,0.963559961520529,0.9533635533443605
