,fairness_method,model,stat_par,eq_odds,ao,acc,hmean
0,NO_ONE,logreg,0.032182137654653775,-0.04296223536349042,-0.04224806201550391,0.793010752688172,0.9103487154004684
