,fairness_method,model,stat_par,eq_odds,ao,acc,hmean
0,NO_ONE,logreg,0.032182137654653775,-0.035147785192426007,-0.022561299371482213,0.793010752688172,0.91414836830224
