,fairness_method,model,stat_par,eq_odds,ao,acc,hmean
0,NO_ONE,logreg,-0.1864065368496936,0.3408206384249778,-0.012467811655250571,0.560744662646238,0.7187305934527832
