,fairness_method,model,stat_par,eq_odds,ao,acc,hmean
0,NO_ONE,logreg,-0.1864065368496936,0.14795689074056229,0.30373861876133257,0.560744662646238,0.7007794191606164
